,,ZSP.TO,ZXLC.TO,ZXLY.TO,ZXLP.TO,ZXLE.TO,ZXLF.TO,ZXLV.TO,ZXLI.TO,ZXLR.TO,ZXLK.TO,ZXLB.TO,ZXLU.TO
cov_daily,ZSP.TO,8.272086778690847e-05,6.6991088745502095e-06,4.174356386052177e-05,-2.4199057755679832e-06,-4.026146555666242e-05,2.3777192229551907e-05,1.2274830902846862e-05,6.565993208435613e-05,7.710694397062423e-06,0.00012072979136348027,8.198603923087402e-06,6.4481645425931914e-06
cov_daily,ZXLC.TO,6.6991088745502095e-06,0.00011492738837902251,5.7841350262622384e-05,1.816297213996136e-05,-3.7732791068116344e-05,4.018225872013433e-05,9.753068057486807e-06,1.3602983485033566e-05,1.0639761045573032e-05,1.4863479785580262e-05,3.8663950345819406e-05,-1.6193586774908054e-07
cov_daily,ZXLY.TO,4.174356386052177e-05,5.7841350262622384e-05,0.00017409525082441303,1.2606910319641064e-05,-4.918625464511469e-05,2.909459727584874e-05,4.25017276923599e-06,5.228013918326542e-05,8.577667465510511e-06,7.12364526326903e-05,4.1940038360225297e-05,-2.283421611418911e-06
cov_daily,ZXLP.TO,-2.4199057755679832e-06,1.816297213996136e-05,1.2606910319641064e-05,0.00010942386464740409,-1.7552774387201864e-06,2.5598773495126908e-05,5.025196211552369e-05,1.3511488517459246e-05,1.8488096767598454e-05,-5.034990365051568e-05,1.8847686172575798e-05,3.530150635396914e-05
cov_daily,ZXLE.TO,-4.026146555666242e-05,-3.7732791068116344e-05,-4.918625464511469e-05,-1.7552774387201864e-06,0.00022857997941679308,-9.035410469310004e-06,-2.4906607042364314e-05,-3.440779204019625e-05,-8.583837173404096e-06,-4.5639775928239786e-05,-2.317911573493233e-05,-5.310962544258939e-07
cov_daily,ZXLF.TO,2.3777192229551907e-05,4.018225872013433e-05,2.909459727584874e-05,2.5598773495126908e-05,-9.035410469310004e-06,0.00011790068863513982,2.683023059162832e-05,4.819629487795918e-05,1.1681909612914e-05,2.9097430269285095e-05,3.468754443899666e-05,3.239267103873959e-06
cov_daily,ZXLV.TO,1.2274830902846862e-05,9.753068057486807e-06,4.25017276923599e-06,5.025196211552369e-05,-2.4906607042364314e-05,2.683023059162832e-05,0.00014009665064370404,2.8401043548206522e-05,1.5135313341787989e-05,-4.741688499424965e-05,2.453549587330573e-05,2.6911852519087524e-05
cov_daily,ZXLI.TO,6.565993208435613e-05,1.3602983485033566e-05,5.228013918326542e-05,1.3511488517459246e-05,-3.440779204019625e-05,4.819629487795918e-05,2.8401043548206522e-05,0.0001416511281076248,-3.1943710436126085e-06,0.00010599443229132954,4.909881323767524e-05,2.648223304574193e-05
cov_daily,ZXLR.TO,7.710694397062423e-06,1.0639761045573032e-05,8.577667465510511e-06,1.8488096767598454e-05,-8.583837173404096e-06,1.1681909612914e-05,1.5135313341787989e-05,-3.1943710436126085e-06,9.611762862437783e-05,-4.186446017235055e-06,1.9627355517280157e-06,4.025902381769589e-06
cov_daily,ZXLK.TO,0.00012072979136348027,1.4863479785580262e-05,7.12364526326903e-05,-5.034990365051568e-05,-4.5639775928239786e-05,2.9097430269285095e-05,-4.741688499424965e-05,0.00010599443229132954,-4.186446017235055e-06,0.0003639861629938403,2.2871445216122875e-05,-1.667414993649564e-05
cov_daily,ZXLB.TO,8.198603923087402e-06,3.8663950345819406e-05,4.1940038360225297e-05,1.8847686172575798e-05,-2.317911573493233e-05,3.468754443899666e-05,2.453549587330573e-05,4.909881323767524e-05,1.9627355517280157e-06,2.2871445216122875e-05,0.00015180150153135932,1.5003680976057106e-05
cov_daily,ZXLU.TO,6.4481645425931914e-06,-1.6193586774908054e-07,-2.283421611418911e-06,3.530150635396914e-05,-5.310962544258939e-07,3.239267103873959e-06,2.6911852519087524e-05,2.648223304574193e-05,4.025902381769589e-06,-1.667414993649564e-05,1.5003680976057106e-05,9.323657477279995e-05
cov_annual,ZSP.TO,0.020845658682300934,0.0016881754363866528,0.010519378092851485,-0.0006098162554431318,-0.01014588932027893,0.00599185244184708,0.003093257387517409,0.016546302885257744,0.0019430949880597304,0.03042390742359703,0.0020660481886180253,0.0016249374647334842
cov_annual,ZXLC.TO,0.0016881754363866528,0.028961701871513673,0.014576020266180842,0.004577068979270263,-0.009508663349165319,0.01012592919747385,0.0024577731504866755,0.0034279518382284587,0.002681219783484404,0.003745596905966226,0.00974331548714649,-4.0807838672768295e-05
cov_annual,ZXLY.TO,0.010519378092851485,0.014576020266180842,0.043872003207752086,0.0031769414005495484,-0.012394936170568903,0.007331838513513883,0.0010710435378474695,0.013174595074182886,0.0021615722013086486,0.017951586063437955,0.010568889666776774,-0.0005754222460775656
cov_annual,ZXLP.TO,-0.0006098162554431318,0.004577068979270263,0.0031769414005495484,0.02757481389114583,-0.00044232991455748697,0.006450890920771981,0.012663494453111969,0.00340489510639973,0.004659000385434811,-0.01268817571992995,0.004749616915489101,0.008895979601200223
cov_annual,ZXLE.TO,-0.01014588932027893,-0.009508663349165319,-0.012394936170568903,-0.00044232991455748697,0.05760215481303185,-0.002276923438266121,-0.006276464974675807,-0.008670763594129455,-0.002163126967697832,-0.011501223533916426,-0.0058411371652029465,-0.00013383625611532526
cov_annual,ZXLF.TO,0.00599185244184708,0.01012592919747385,0.007331838513513883,0.006450890920771981,-0.002276923438266121,0.029710973536055233,0.006761218109090337,0.012145466309245713,0.002943841222454328,0.007332552427859844,0.008741261198627158,0.0008162953101762376
cov_annual,ZXLV.TO,0.003093257387517409,0.0024577731504866755,0.0010710435378474695,0.012663494453111969,-0.006276464974675807,0.006761218109090337,0.035304355962213416,0.007157062974148044,0.0038140989621305733,-0.011949055018550913,0.006182944960073044,0.006781786834810056
cov_annual,ZXLI.TO,0.016546302885257744,0.0034279518382284587,0.013174595074182886,0.00340489510639973,-0.008670763594129455,0.012145466309245713,0.007157062974148044,0.03569608428312145,-0.0008049815029903773,0.026710596937415045,0.012372900935894162,0.006673522727526966
cov_annual,ZXLR.TO,0.0019430949880597304,0.002681219783484404,0.0021615722013086486,0.004659000385434811,-0.002163126967697832,0.002943841222454328,0.0038140989621305733,-0.0008049815029903773,0.024221642413343212,-0.0010549843963432338,0.0004946093590354599,0.0010145274002059364
cov_annual,ZXLK.TO,0.03042390742359703,0.003745596905966226,0.017951586063437955,-0.01268817571992995,-0.011501223533916426,0.007332552427859844,-0.011949055018550913,0.026710596937415045,-0.0010549843963432338,0.09172451307444775,0.005763604194462964,-0.004201885783996901
cov_annual,ZXLB.TO,0.0020660481886180253,0.00974331548714649,0.010568889666776774,0.004749616915489101,-0.0058411371652029465,0.008741261198627158,0.006182944960073044,0.012372900935894162,0.0004946093590354599,0.005763604194462964,0.03825397838590255,0.0037809276059663907
cov_annual,ZXLU.TO,0.0016249374647334842,-4.0807838672768295e-05,-0.0005754222460775656,0.008895979601200223,-0.00013383625611532526,0.0008162953101762376,0.006781786834810056,0.006673522727526966,0.0010145274002059364,-0.004201885783996901,0.0037809276059663907,0.02349561684274559
corr,ZSP.TO,1.0,0.06870648428449312,0.34784720758731785,-0.025435184404999252,-0.29279451996415173,0.24076583343551958,0.11402342994071876,0.6065727130890614,0.08647377653287106,0.695768034445208,0.07316347613816303,0.07342355615134313
corr,ZXLC.TO,0.06870648428449314,1.0,0.40891514112115057,0.16196423469767152,-0.23280272916625913,0.34519492789636963,0.07686269530205543,0.10661354470108597,0.10123217822495344,0.07267186249648767,0.29272271311172304,-0.0015643651363921162
corr,ZXLY.TO,0.3478472075873179,0.40891514112115057,0.9999999999999999,0.09133961502363251,-0.2465648687573605,0.20307698977815383,0.027214430225311097,0.33291491634778725,0.06630926589963002,0.282986935141499,0.2579867061143923,-0.017922537173107538
corr,ZXLP.TO,-0.025435184404999252,0.16196423469767152,0.09133961502363251,1.0,-0.011098662662857571,0.2253745964813919,0.40586642193520833,0.10852683884047477,0.18027464841493018,-0.2522900844574295,0.14623926094276882,0.3494974873161879
corr,ZXLE.TO,-0.29279451996415173,-0.23280272916625913,-0.24656486875736053,-0.01109866266285757,1.0,-0.05503901099512383,-0.1391815273161217,-0.19121752438487882,-0.05791097175417327,-0.15822750202595845,-0.12443419301281089,-0.003637985708749039
corr,ZXLF.TO,0.24076583343551958,0.34519492789636963,0.20307698977815386,0.2253745964813919,-0.05503901099512382,0.9999999999999999,0.2087624370551731,0.3729455789278095,0.10973726878906877,0.14046044116700165,0.25928497573039283,0.030895514685544412
corr,ZXLV.TO,0.11402342994071878,0.07686269530205543,0.027214430225311097,0.40586642193520833,-0.1391815273161217,0.2087624370551731,1.0000000000000002,0.2016092261740328,0.13042955616273802,-0.2099794078594844,0.16824529568762983,0.23547053070441953
corr,ZXLI.TO,0.6065727130890615,0.10661354470108599,0.33291491634778725,0.10852683884047477,-0.19121752438487882,0.3729455789278095,0.20160922617403276,1.0,-0.027376241153232152,0.46679973113311934,0.33482890493481343,0.23043658422675403
corr,ZXLR.TO,0.08647377653287106,0.10123217822495344,0.06630926589963002,0.18027464841493018,-0.05791097175417327,0.10973726878906875,0.13042955616273802,-0.027376241153232155,1.0,-0.02238213622426178,0.016248835112372975,0.04252737346888121
corr,ZXLK.TO,0.695768034445208,0.07267186249648766,0.282986935141499,-0.2522900844574295,-0.15822750202595842,0.14046044116700165,-0.2099794078594844,0.4667997311331193,-0.02238213622426178,1.0000000000000002,0.0973000665235972,-0.09051240613140608
corr,ZXLB.TO,0.07316347613816303,0.29272271311172304,0.2579867061143923,0.14623926094276882,-0.12443419301281089,0.25928497573039283,0.16824529568762983,0.33482890493481343,0.016248835112372975,0.09730006652359718,1.0000000000000002,0.12611496747692783
corr,ZXLU.TO,0.07342355615134313,-0.0015643651363921162,-0.017922537173107538,0.34949748731618785,-0.0036379857087490385,0.030895514685544412,0.23547053070441956,0.23043658422675403,0.04252737346888121,-0.09051240613140608,0.12611496747692783,1.0
